reference	Control_1	Control_2	Control_3	ArgStarve_1	ArgStarve_2	ArgStarve_3
Ala-AGC-11	551	331	404	532	211	262
Ala-AGC-2	3419	1905	2228	2671	1112	1438
Arg-ACG-2	7385	4122	4903	6083	2269	2982
Arg-CCG-1	2766	1903	1954	2377	818	1472
Arg-CCG-2	1922	1346	1131	2080	750	1250
Arg-CCT-1	2543	1421	1547	2084	671	1043
Arg-TCT-3	564	287	387	568	201	292
Arg-TCT-4	104	56	82	96	31	48
Asn-GTT-2	3761	2055	2328	3997	1472	2281
Asp-GTC-2	13907	8004	10106	15094	6184	7587
Cys-GCA-2	3834	1950	2698	3458	1431	1828
Gln-CTG-1	12603	6460	9316	11254	5752	5651
Glu-CTC-1	6213	3741	2734	6734	2371	3604
Glu-TTC-1	1688	770	1118	1730	753	817
Gly-CCC-2	1528	817	1191	1512	591	773
Gly-GCC-2	17917	9277	13512	18099	7422	9821
Gly-TCC-2	4049	2281	3220	4112	1672	2234
His-GTG-1	9408	4519	5321	8374	3608	4698
Ile-AAT-5	3614	2530	2951	3785	1346	2044
Ile-TAT-2	816	501	515	768	308	415
Leu-AAG-2	12472	8050	10473	10900	3784	6157
Leu-CAA-1	740	407	525	593	277	337
Leu-CAG-1	5863	2980	4324	5023	2231	2702
Leu-TAA-1	843	419	618	511	228	301
Lys-CTT-2	1944	1569	1160	2535	736	1526
Lys-TTT-3	3545	2048	1670	4776	1776	2567
Met-CAT-4	2460	1429	1837	1832	678	1082
Phe-GAA-1	2298	1302	1592	2444	922	1188
Pro-AGG-2	9914	5117	6786	9497	3748	4820
SeC-TCA-1	20	4	15	18	5	13
Ser-AGA-2	3256	1773	2471	2968	1254	1631
Ser-CGA-4	293	155	235	187	69	115
Ser-GCT-4	11556	6412	8372	11318	5063	6431
Thr-AGT-1	3074	1538	1947	2829	1041	1383
Thr-CGT-2	443	460	159	527	118	320
Thr-CGT-5	13	7	15	9	4	8
Thr-TGT-2	916	449	633	951	357	519
Trp-CCA-3	1176	652	756	1037	451	518
Tyr-GTA-5	999	563	590	827	319	546
Tyr-GTA-9	19	5	10	10	2	4
Val-CAC-1	5935	3642	4673	6327	2626	3016
Val-TAC-1	884	518	655	984	391	467
iMet-CAT-1	23562	13516	17945	15707	6108	8461
mtAla-TGC-1	42	20	38	20	12	17
mtArg-TCG-1	17	3	23	12	4	10
mtAsn-GTT-1	37	21	20	36	17	19
mtAsp-GTC-1	27	7	34	33	7	13
mtCys-GCA-1	14	7	13	18	8	17
mtGln-TTG-1	118	65	83	51	31	38
mtGlu-TTC-1	16	9	21	16	7	7
mtGly-TCC-1	14	6	21	12	8	6
mtHis-GTG-1	45	22	52	32	15	23
mtIle-GAT-1	115	77	104	94	57	79
mtLeu-TAA-1	5	4	1	4	1	2
mtLeu-TAG-1	35	17	37	11	9	9
mtLys-TTT-1	7	8	12	12	2	10
mtMet-CAT-1	15	2	10	8	2	5
mtPhe-GAA-1	19	7	17	13	1	10
mtPro-TGG-1	17	10	24	7	7	14
mtSer-GCT-1	44	23	33	39	24	16
mtSer-TGA-1	133	59	94	42	18	29
mtThr-TGT-1	17	4	9	8	2	5
mtTrp-TCA-1	22	10	17	21	7	14
mtTyr-GTA-1	18	12	17	8	7	15
mtVal-TAC-1	14	2	10	6	5	6
RDN5	10135	4962	5687	7098	2609	4302
RDN58	7918	3004	4397	1049	872	1352
oligo3	30331	15463	24722	23060	9794	13773
oligo5	1918	792	2631	2585	833	2397
oligo5_oligo3	4525	2259	3591	3794	1526	1877
antisense	247	107	170	197	93	101
not_unique	291757	148286	232324	254529	104811	144430
