reference	Control_1	Control_2	Control_3	LeuStarve_1	LeuStarve_2	LeuStarve_3
Ala-AGC-11	551	331	404	555	276	353
Ala-AGC-2	3419	1905	2228	3105	1653	1995
Arg-ACG-2	7385	4122	4903	6415	3039	3741
Arg-CCG-1	2766	1903	1954	3254	1543	1431
Arg-CCG-2	1922	1346	1131	2816	1312	1252
Arg-CCT-1	2543	1421	1547	2476	1069	1237
Arg-TCT-3	564	287	387	553	264	381
Arg-TCT-4	104	56	82	97	59	84
Asn-GTT-2	3761	2055	2328	4045	1868	2346
Asp-GTC-2	13907	8004	10106	14470	6821	9172
Cys-GCA-2	3834	1950	2698	4166	1779	2744
Gln-CTG-1	12603	6460	9316	10656	5470	7293
Glu-CTC-1	6213	3741	2734	7537	3414	3951
Glu-TTC-1	1688	770	1118	1404	673	862
Gly-CCC-2	1528	817	1191	1706	793	998
Gly-GCC-2	17917	9277	13512	19543	8858	12504
Gly-TCC-2	4049	2281	3220	4316	2015	2692
His-GTG-1	9408	4519	5321	8366	3929	4837
Ile-AAT-5	3614	2530	2951	4706	2783	2843
Ile-TAT-2	816	501	515	948	544	509
Leu-AAG-2	12472	8050	10473	21089	9024	12217
Leu-CAA-1	740	407	525	1161	551	754
Leu-CAG-1	5863	2980	4324	6453	2772	3937
Leu-TAA-1	843	419	618	1506	624	941
Lys-CTT-2	1944	1569	1160	3539	1655	1228
Lys-TTT-3	3545	2048	1670	4155	2228	1979
Met-CAT-4	2460	1429	1837	2595	1192	1506
Phe-GAA-1	2298	1302	1592	2688	1273	1564
Pro-AGG-2	9914	5117	6786	11051	5003	6729
SeC-TCA-1	20	4	15	23	11	14
Ser-AGA-2	3256	1773	2471	3124	1524	2121
Ser-CGA-4	293	155	235	281	138	191
Ser-GCT-4	11556	6412	8372	12329	5757	8357
Thr-AGT-1	3074	1538	1947	3255	1475	1807
Thr-CGT-2	443	460	159	752	370	225
Thr-CGT-5	13	7	15	22	5	12
Thr-TGT-2	916	449	633	1118	523	600
Trp-CCA-3	1176	652	756	1016	587	565
Tyr-GTA-5	999	563	590	900	517	501
Tyr-GTA-9	19	5	10	14	12	4
Val-CAC-1	5935	3642	4673	6408	3200	4049
Val-TAC-1	884	518	655	984	424	637
iMet-CAT-1	23562	13516	17945	22629	10139	14321
mtAla-TGC-1	42	20	38	50	21	36
mtArg-TCG-1	17	3	23	27	10	11
mtAsn-GTT-1	37	21	20	42	12	26
mtAsp-GTC-1	27	7	34	22	11	27
mtCys-GCA-1	14	7	13	29	11	9
mtGln-TTG-1	118	65	83	129	67	78
mtGlu-TTC-1	16	9	21	25	14	20
mtGly-TCC-1	14	6	21	11	3	10
mtHis-GTG-1	45	22	52	46	21	34
mtIle-GAT-1	115	77	104	165	69	103
mtLeu-TAA-1	5	4	1	4	2	4
mtLeu-TAG-1	35	17	37	44	22	28
mtLys-TTT-1	7	8	12	18	10	14
mtMet-CAT-1	15	2	10	18	4	9
mtPhe-GAA-1	19	7	17	16	10	11
mtPro-TGG-1	17	10	24	23	6	26
mtSer-GCT-1	44	23	33	44	17	36
mtSer-TGA-1	133	59	94	117	57	56
mtThr-TGT-1	17	4	9	10	5	6
mtTrp-TCA-1	22	10	17	26	6	18
mtTyr-GTA-1	18	12	17	24	10	11
mtVal-TAC-1	14	2	10	22	6	11
RDN5	10135	4962	5687	10643	4795	6702
RDN58	7918	3004	4397	6539	2278	5178
oligo3	30331	15463	24722	28606	13234	19557
oligo5	1918	792	2631	1359	541	1263
oligo5_oligo3	4525	2259	3591	4938	2356	3203
antisense	247	107	170	243	121	153
not_unique	291757	148286	232324	310617	143354	203289
