reference	Control_1	Control_2	Control_3	MetStarve16h_1	MetStarve16h_2	MetStarve16h_3
Ala-AGC-11	242	284	261	219	839	123
Ala-AGC-2	965	1338	1099	868	3658	529
Arg-ACG-2	1254	1559	1229	1241	4167	618
Arg-CCG-1	678	901	756	856	2652	380
Arg-CCG-2	770	966	732	1130	3119	562
Arg-CCT-1	683	835	602	1008	3323	384
Arg-TCT-3	215	290	228	184	627	76
Arg-TCT-4	42	34	32	34	83	14
Asn-GTT-2	1576	1932	1620	1460	3885	622
Asp-GTC-2	3081	3717	3276	2197	7820	1216
Cys-GCA-2	999	1213	948	1323	4894	431
Gln-CTG-1	2359	3017	2545	1845	7273	1485
Glu-CTC-1	2711	2936	2145	2797	7796	1196
Glu-TTC-1	479	532	378	257	1456	144
Gly-CCC-2	353	428	363	455	1756	185
Gly-GCC-2	3571	4314	3443	3936	10742	1940
Gly-TCC-2	1176	1555	1173	992	3463	502
His-GTG-1	1069	1259	1014	1132	3681	427
Ile-AAT-5	2018	2790	2489	882	4036	1052
Ile-TAT-2	628	802	549	852	2264	301
Leu-AAG-2	5836	6601	5610	5072	21073	2473
Leu-CAA-1	217	279	208	222	893	117
Leu-CAG-1	1776	1875	1489	1378	5829	853
Leu-TAA-1	458	595	412	502	2487	235
Lys-CTT-2	1292	1703	1389	1031	4666	847
Lys-TTT-3	435	542	424	298	1469	156
Met-CAT-4	469	648	432	685	2821	311
Phe-GAA-1	664	823	602	495	2234	235
Pro-AGG-2	2165	2848	2416	2408	7364	1153
SeC-TCA-1	26	18	20	20	25	13
Ser-AGA-2	1472	1755	1384	1032	3997	716
Ser-CGA-4	93	118	115	100	432	69
Ser-GCT-4	3228	4115	3103	4837	12118	2335
Thr-AGT-1	1180	1560	1133	1707	5488	718
Thr-CGT-2	354	471	310	658	2206	376
Thr-CGT-5	14	7	5	3	12	3
Thr-TGT-2	499	620	480	671	2096	236
Trp-CCA-3	199	271	195	166	733	76
Tyr-GTA-5	366	430	384	292	1212	153
Tyr-GTA-9	30	12	16	12	14	8
Val-CAC-1	2185	3012	2442	1363	6313	1191
Val-TAC-1	343	415	302	250	909	149
iMet-CAT-1	9512	12225	8963	13075	45011	7739
mtAla-TGC-1	33	14	20	17	31	12
mtArg-TCG-1	19	22	28	27	19	13
mtAsn-GTT-1	43	47	39	41	34	41
mtAsp-GTC-1	46	36	53	43	20	15
mtCys-GCA-1	12	12	15	13	13	7
mtGln-TTG-1	28	18	26	16	22	9
mtGlu-TTC-1	26	13	27	14	17	19
mtGly-TCC-1	13	17	14	9	12	4
mtHis-GTG-1	60	39	64	49	65	22
mtIle-GAT-1	61	54	49	77	46	39
mtLeu-TAA-1	12	11	14	5	4	0
mtLeu-TAG-1	28	37	23	20	37	24
mtLys-TTT-1	18	11	22	10	11	7
mtMet-CAT-1	26	18	25	19	22	22
mtPhe-GAA-1	38	34	35	31	26	13
mtPro-TGG-1	24	19	20	17	18	7
mtSer-GCT-1	57	38	58	51	49	28
mtSer-TGA-1	71	46	61	54	70	44
mtThr-TGT-1	18	17	14	6	6	5
mtTrp-TCA-1	11	8	8	6	7	3
mtTyr-GTA-1	22	13	18	11	14	10
mtVal-TAC-1	30	27	47	27	39	20
RDN5	9599	4577	3686	10691	12878	3900
RDN58	16062	5885	9851	15577	7228	8839
oligo3	274	134	186	249	186	53
oligo5	89	39	70	93	79	33
antisense	62	51	53	42	110	56
not_unique	166977	105298	133158	132541	201107	72635
