reference	Control_1	Control_2	Control_3	MetStarve6h_1	MetStarve6h_2	MetStarve6h_3
Ala-AGC-11	745	558	743	1725	1039	477
Ala-AGC-2	21795	14252	9711	22829	17789	14546
Arg-ACG-2	4235	2929	5147	9165	6753	2063
Arg-CCG-1	5937	3943	7232	14859	11890	3908
Arg-CCG-2	6022	3882	6544	13624	11194	4965
Arg-CCT-1	1916	1077	2170	4120	3649	777
Arg-TCT-3	971	670	1262	2332	1715	449
Arg-TCT-4	109	73	103	220	182	38
Asn-GTT-2	3883	3079	4871	8710	5825	1599
Asp-GTC-2	17509	9866	19196	35741	27178	8996
Cys-GCA-2	8262	4197	5566	9764	9424	2614
Gln-CTG-1	13081	9186	10698	20684	13642	9074
Glu-CTC-1	117703	67726	43099	73870	65228	54579
Glu-TTC-1	1711	1173	1831	4239	2541	738
Gly-CCC-2	2441	1630	3126	6131	6033	1218
Gly-GCC-2	105982	66508	61080	122117	87645	48195
Gly-TCC-2	9318	7848	6842	14464	9535	6852
His-GTG-1	9009	4845	8219	16996	12121	4262
Ile-AAT-5	2794	2819	2029	4136	2336	1915
Ile-TAT-2	369	300	419	894	498	161
Leu-AAG-2	42299	30364	22118	40699	26235	16342
Leu-CAA-1	4368	3766	2479	5909	3694	2606
Leu-CAG-1	3271	2509	2496	7330	4389	2672
Leu-TAA-1	4857	3513	2080	4510	3006	2198
Lys-CTT-2	13398	12135	7885	15101	11106	8313
Lys-TTT-3	2069	1534	2341	4513	3140	909
Met-CAT-4	802	772	648	1340	950	380
Phe-GAA-1	2955	2926	1719	3763	2178	1669
Pro-AGG-2	17757	9407	16463	27600	23894	5540
SeC-TCA-1	512	343	459	893	619	215
Ser-AGA-2	21224	18486	13023	29241	18684	16009
Ser-CGA-4	3576	2954	1864	3895	2755	2556
Ser-GCT-4	27043	21012	16351	32105	22951	17925
Thr-AGT-1	2582	2338	2769	6359	4505	1923
Thr-CGT-2	698	597	870	1689	1366	433
Thr-CGT-5	29	28	19	28	24	14
Thr-TGT-2	3040	2271	2417	4400	3752	1200
Trp-CCA-3	2724	2436	2182	5458	3404	2199
Tyr-GTA-5	1014	742	1300	2183	1293	460
Tyr-GTA-9	6	2	3	4	4	5
Val-CAC-1	48024	41656	24332	45873	33469	31875
Val-TAC-1	1955	1807	1454	2777	1528	1048
iMet-CAT-1	16201	14466	9756	18629	11582	9532
mtAla-TGC-1	6679	3888	1784	4198	2928	2695
mtArg-TCG-1	1411	1042	710	1659	1151	952
mtAsn-GTT-1	6634	3654	1734	4118	2877	3659
mtAsp-GTC-1	1203	801	607	1394	1044	1006
mtCys-GCA-1	6305	4179	2204	4787	2983	4498
mtGln-TTG-1	5864	4109	1651	3717	2526	3485
mtGlu-TTC-1	12272	7565	3332	7528	4880	7018
mtGly-TCC-1	2962	2062	1435	2886	2135	1806
mtHis-GTG-1	5647	3625	2434	4889	3812	3643
mtIle-GAT-1	1698	1231	642	1585	1098	1106
mtLeu-TAA-1	1438	1170	433	1115	772	586
mtLeu-TAG-1	5700	3894	2035	4232	3110	3820
mtLys-TTT-1	5993	3932	2554	4396	2751	2883
mtMet-CAT-1	1315	1335	388	1180	686	1069
mtPhe-GAA-1	1366	771	408	713	602	770
mtPro-TGG-1	11444	6784	4256	7739	5545	4031
mtSer-GCT-1	5966	3500	1852	3781	2667	5219
mtSer-TGA-1	9368	5675	3183	5786	4345	2840
mtThr-TGT-1	4725	3330	1674	3212	2485	2394
mtTrp-TCA-1	3117	2818	1042	2778	1866	2701
mtTyr-GTA-1	7678	4242	2188	4682	3157	2733
mtVal-TAC-1	14246	10952	4122	9705	6566	10324
RDN5	1176	685	562	1647	403	783
RDN58	3645	1451	702	1866	750	1790
oligo3	65	31	24	71	37	19
oligo5	45	31	21	42	26	17
antisense	213	140	98	152	186	191
not_unique	230536	156603	142131	261819	166144	128102
