reference	Control_1	Control_2	Arsenite_1	Arsenite_2
Ala-AGC-11	976	938	171	215
Ala-AGC-2	5329	4670	919	795
Arg-ACG-2	5348	8547	1462	1507
Arg-CCG-1	5304	8319	1103	1121
Arg-CCG-2	3450	4519	748	592
Arg-CCT-1	1987	2203	277	186
Arg-TCT-3	1648	2416	579	442
Arg-TCT-4	160	247	41	31
Asn-GTT-2	5213	6529	1256	718
Asp-GTC-2	12097	18327	2900	1287
Cys-GCA-2	11049	16693	1073	526
Gln-CTG-1	12517	19845	2894	1385
Glu-CTC-1	11294	7340	1991	1020
Glu-TTC-1	2424	2840	520	382
Gly-CCC-2	3661	3820	506	290
Gly-GCC-2	20075	28363	2379	1340
Gly-TCC-2	6318	7102	900	702
His-GTG-1	10992	8299	1406	401
Ile-AAT-5	1204	1049	235	265
Ile-TAT-2	641	485	152	129
Leu-AAG-2	7229	10115	1601	1308
Leu-CAA-1	1277	1651	268	270
Leu-CAG-1	1560	1697	181	220
Leu-TAA-1	602	1069	95	37
Lys-CTT-2	4500	3644	1179	1220
Lys-TTT-3	5275	5666	1050	1192
Met-CAT-4	1200	1028	305	219
Phe-GAA-1	1596	1518	306	321
Pro-AGG-2	16666	28997	2690	1396
SeC-TCA-1	247	542	61	31
Ser-AGA-2	4192	5811	1067	698
Ser-CGA-4	673	948	129	82
Ser-GCT-4	3596	5696	879	410
Thr-AGT-1	3803	5209	760	377
Thr-CGT-2	307	377	99	37
Thr-CGT-5	32	64	4	4
Thr-TGT-2	2733	4581	575	266
Trp-CCA-3	3068	2410	364	284
Tyr-GTA-5	1839	1908	193	285
Tyr-GTA-9	23	21	3	6
Val-CAC-1	10844	7760	1982	1710
Val-TAC-1	1946	1253	506	349
iMet-CAT-1	3981	5961	440	289
mtAla-TGC-1	1072	882	636	109
mtArg-TCG-1	329	600	187	24
mtAsn-GTT-1	313	162	170	41
mtAsp-GTC-1	511	540	239	27
mtCys-GCA-1	1276	2366	561	86
mtGln-TTG-1	784	794	432	158
mtGlu-TTC-1	1359	1515	921	116
mtGly-TCC-1	569	787	324	24
mtHis-GTG-1	989	1535	366	40
mtIle-GAT-1	274	283	137	15
mtLeu-TAA-1	315	320	184	48
mtLeu-TAG-1	560	942	335	54
mtLys-TTT-1	540	1371	428	60
mtMet-CAT-1	242	226	198	32
mtPhe-GAA-1	411	290	253	38
mtPro-TGG-1	1717	2796	806	128
mtSer-GCT-1	935	816	469	31
mtSer-TGA-1	469	918	299	79
mtThr-TGT-1	522	536	294	56
mtTrp-TCA-1	385	317	234	51
mtTyr-GTA-1	299	547	268	27
mtVal-TAC-1	1361	2080	790	105
RDN5	752	688	381	947
RDN58	981	534	424	2460
oligo3	132	101	33	231
oligo5	4	8	7	1
oligo5_oligo3	469	303	687	3641
antisense	265	231	137	37
not_unique	143159	171148	44012	31707
