baseMean	log2FoldChange	lfcSE	stat	pvalue	padj
Ala-AGC	5544.44020323749	-1.3185078433611	0.618335827807908	-2.13234909585525	0.0329781587834781	0.0569622742623713
Arg-ACG	2821.92932026915	0.246017477325769	0.155569515051459	1.5813990115248	0.113786833346584	0.1663038333527
Arg-CCG	4894.9810142578	-0.801456299960734	0.17541610506751	-4.56888664613941	4.90321861543511e-06	1.16451442116584e-05
Arg-CCT	1387.35434452249	0.522092621999464	0.233822622361065	2.23285761115645	0.0255583356793056	0.0462484169435054
Arg-TCT	608.457830928941	0.107858202037154	0.208918012147026	0.516270478206773	0.605665512126727	0.657579698880447
Asn-GTT	3006.7537134085	0.770668981728669	0.158328469306501	4.86753257392242	1.13000210842141e-06	3.06714858000097e-06
Asp-GTC	7860.38804358696	-0.20569332492114	0.222556199777439	-0.924230936396458	0.355366091845019	0.435610048068087
Cys-GCA	2689.27324343665	-0.295638464880067	0.151552050124068	-1.95073880319035	0.0510881249336324	0.0844064672816535
Gln-CTG	5470.45516416907	0.222289061264976	0.131309401578874	1.69286478037487	0.09048120856487	0.137531437018602
Glu-CTC	19337.4030973514	-2.48116126223688	0.56834911528264	-4.36555841386856	1.26798410121341e-05	2.67685532478386e-05
Glu-TTC	945.570250176555	0.328783813456884	0.21391473403879	1.53698535509604	0.124296895696553	0.174936371721075
Gly-CCC	1189.12676368379	-0.822947805670961	0.238560118761074	-3.4496453554132	0.000561323446009834	0.00112264689201967
Gly-GCC	17266.9255785245	-1.6717009984672	0.269658664597198	-6.199322395089	5.67067674351929e-10	1.79571430211444e-09
Gly-TCC	3000.46486930109	-0.139775298933404	0.167785002007014	-0.833061937964876	0.404809798384931	0.466144616322042
His-GTG	3634.55302455048	-0.919814535939854	0.11679590379198	-7.87540064399945	3.3965269418484e-15	1.61335029737799e-14
Ile-AAT	3180.05263426524	2.40295338523536	0.181385272686847	13.2477866016385	4.6470752680958e-40	5.88629533958801e-39
Ile-TAT	860.94414797223	2.81538231994655	0.204387257728945	13.7747448213248	3.61658712670373e-43	6.8715155407371e-42
Leu-AAG	12865.6260623435	0.131713340829999	0.241323090809176	0.545796676100715	0.58520570835565	0.654053438750432
Leu-CAA	1040.28926263962	-1.57350128711215	0.275993113066537	-5.70123388090777	1.18943310105423e-08	3.47680444923545e-08
Leu-CAG	2652.42740497479	1.40575328402985	0.200344340344961	7.01668578013918	2.27192754917984e-12	8.6333246868834e-12
Leu-TAA	1229.652246459	-0.386117629015763	0.284658727997463	-1.35642294101449	0.174964638134691	0.237452008897081
Lys-CTT	3615.96759677852	-0.292279299284137	0.167858194098261	-1.741227473906	0.0816437132465034	0.129269212640297
Lys-TTT	1039.75531201677	0.0507265254700129	0.206621799506759	0.245504228455592	0.806066034508152	0.806066034508152
Met-CAT	744.660447186449	1.84863050580563	0.231929787508075	7.97064717588837	1.57845559288657e-15	8.56875893281279e-15
Phe-GAA	1293.11047385179	0.642387551788211	0.633512700086136	1.01400895625434	0.310578478686485	0.393399406336214
Pro-AGG	6002.11430354062	-0.141618930494981	0.162202356045664	-0.873100329412671	0.382608394371618	0.454347468316297
SeC-TCA	148.979044947828	-2.38803491752285	0.277226733212753	-8.61401384292254	7.05461696337805e-18	5.36150889216732e-17
Ser-AGA	5214.99735928839	-1.02859961193435	0.148833625285627	-6.91107006202639	4.81011400767928e-12	1.66167574810739e-11
Ser-CGA	630.392221501212	-2.1100354583714	0.214050841947261	-9.85763680804062	6.35269351719968e-23	6.0350588413397e-22
Ser-GCT	7775.7071408629	-0.0595932487202455	0.137048819316164	-0.434832266469711	0.663684182241646	0.700555525699515
Thr-AGT	2091.35306465131	1.19318395870201	0.147693020330667	8.07881073885966	6.5401437206933e-16	4.14209102310576e-15
Thr-CGT	662.332105022307	0.899360554835265	0.190767802314866	4.71442530616804	2.42393899082641e-06	6.14064544342691e-06
Thr-TGT	1233.0853559264	-0.0511327038148382	0.181084846006924	-0.282368762170651	0.777660764987163	0.79867862350033
Trp-CCA	818.146475458783	-1.23020485360547	0.270406161876688	-4.54947048938357	5.3781075295965e-06	1.20216521249804e-05
Tyr-GTA	793.07839691956	0.542621411290523	0.209910276389775	2.58501594406436	0.00973744943914133	0.0185011539343685
Val-CAC	8850.21206086022	-1.09998759961943	0.142691190319659	-7.70886834117242	1.26938282905071e-14	5.35961638932524e-14
Val-TAC	730.530670549725	0.22563315965947	0.183652736458596	1.22858588448171	0.219227110497876	0.287263110307561
iMet-CAT	13657.6302020654	2.30847850095791	0.161945303906057	14.2546801004927	4.19218899368362e-46	1.59303181759978e-44
